{
  "Heterogeneous": {
    "REvoSim_log_run_0099.txt": 606.5250000000001,
    "REvoSim_log_run_0072.txt": 612.21375,
    "REvoSim_log_run_0066.txt": 609.75625,
    "REvoSim_log_run_0113.txt": 611.6687499999999,
    "REvoSim_log_run_0107.txt": 583.4765625,
    "REvoSim_log_run_0139.txt": 590.8265624999999,
    "REvoSim_log_run_0111.txt": 584.3203125,
    "REvoSim_log_run_0105.txt": 600.675,
    "REvoSim_log_run_0065.txt": 604.1390624999999,
    "REvoSim_log_run_0070.txt": 644.4749999999999,
    "REvoSim_log_run_0064.txt": 631.9640625,
    "REvoSim_log_run_0058.txt": 605.3859375,
    "REvoSim_log_run_0138.txt": 601.665,
    "REvoSim_log_run_0060.txt": 613.79375,
    "REvoSim_log_run_0074.txt": 626.6671875,
    "REvoSim_log_run_0049.txt": 597.9984374999999,
    "REvoSim_log_run_0061.txt": 627.5925,
    "REvoSim_log_run_0129.txt": 649.1812500000001,
    "REvoSim_log_run_0101.txt": 594.6937499999999,
    "REvoSim_log_run_0115.txt": 594.8937500000001,
    "REvoSim_log_run_0103.txt": 612.87,
    "REvoSim_log_run_0117.txt": 598.66875,
    "REvoSim_log_run_0088.txt": 629.2265625,
    "REvoSim_log_run_0062.txt": 636.35625,
    "REvoSim_log_run_0076.txt": 567.1125,
    "REvoSim_log_run_0089.txt": 588.7874999999999,
    "REvoSim_log_run_0159.txt": 608.9925000000001,
    "REvoSim_log_run_0165.txt": 622.3640625,
    "REvoSim_log_run_0171.txt": 608.3343749999999,
    "REvoSim_log_run_0004.txt": 610.11375,
    "REvoSim_log_run_0010.txt": 617.6125,
    "REvoSim_log_run_0038.txt": 593.7875,
    "REvoSim_log_run_0164.txt": 621.12,
    "REvoSim_log_run_0158.txt": 616.453125,
    "REvoSim_log_run_0199.txt": 598.6734375000001,
    "REvoSim_log_run_0006.txt": 614.3774999999999,
    "REvoSim_log_run_0012.txt": 590.0187500000001,
    "REvoSim_log_run_0167.txt": 619.7212499999999,
    "REvoSim_log_run_0163.txt": 584.5640625000001,
    "REvoSim_log_run_0003.txt": 589.03125,
    "REvoSim_log_run_0016.txt": 601.6437500000001,
    "REvoSim_log_run_0002.txt": 635.325,
    "REvoSim_log_run_0162.txt": 587.8625000000001,
    "REvoSim_log_run_0176.txt": 600.18125,
    "REvoSim_log_run_0189.txt": 662.75,
    "REvoSim_log_run_0160.txt": 550.921875,
    "REvoSim_log_run_0174.txt": 599.23125,
    "REvoSim_log_run_0148.txt": 606.0421875,
    "REvoSim_log_run_0014.txt": 636.7937499999999,
    "REvoSim_log_run_0000.txt": 624.14625,
    "REvoSim_log_run_0028.txt": 610.86875,
    "REvoSim_log_run_0187.txt": 605.1421875000001,
    "REvoSim_log_run_0193.txt": 581.0109375,
    "REvoSim_log_run_0178.txt": 606.37125,
    "REvoSim_log_run_0144.txt": 612.51375,
    "REvoSim_log_run_0150.txt": 575.5875000000001,
    "REvoSim_log_run_0018.txt": 590.5359375,
    "REvoSim_log_run_0030.txt": 599.24375,
    "REvoSim_log_run_0024.txt": 623.25,
    "REvoSim_log_run_0031.txt": 607.3265624999999,
    "REvoSim_log_run_0151.txt": 624.8531250000001,
    "REvoSim_log_run_0153.txt": 627.35625,
    "REvoSim_log_run_0033.txt": 604.5093750000001,
    "REvoSim_log_run_0026.txt": 577.8875,
    "REvoSim_log_run_0146.txt": 591.6468749999999,
    "REvoSim_log_run_0185.txt": 609.74375,
    "REvoSim_log_run_0191.txt": 564.2249999999999,
    "REvoSim_log_run_0195.txt": 613.7203125000001,
    "REvoSim_log_run_0181.txt": 636.6875,
    "REvoSim_log_run_0142.txt": 634.66875,
    "REvoSim_log_run_0022.txt": 611.90625,
    "REvoSim_log_run_0036.txt": 601.49375,
    "REvoSim_log_run_0143.txt": 589.734375,
    "REvoSim_log_run_0180.txt": 602.3362500000001,
    "REvoSim_log_run_0194.txt": 615.8578124999999,
    "REvoSim_log_run_0141.txt": 588.8343749999999,
    "REvoSim_log_run_0155.txt": 596.075,
    "REvoSim_log_run_0169.txt": 614.7328124999999,
    "REvoSim_log_run_0008.txt": 633.175,
    "REvoSim_log_run_0020.txt": 597.9421875,
    "REvoSim_log_run_0034.txt": 605.655,
    "REvoSim_log_run_0197.txt": 633.4275,
    "REvoSim_log_run_0183.txt": 621.9046874999999,
    "REvoSim_log_run_0127.txt": 611.4000000000001,
    "REvoSim_log_run_0133.txt": 644.7562499999999,
    "REvoSim_log_run_0084.txt": 592.5562500000001,
    "REvoSim_log_run_0053.txt": 614.4937500000001,
    "REvoSim_log_run_0047.txt": 596.1656250000001,
    "REvoSim_log_run_0091.txt": 585.7406249999999,
    "REvoSim_log_run_0093.txt": 620.7262499999999,
    "REvoSim_log_run_0078.txt": 605.3874999999999,
    "REvoSim_log_run_0044.txt": 613.9781250000001,
    "REvoSim_log_run_0051.txt": 601.4625000000001,
    "REvoSim_log_run_0045.txt": 596.278125,
    "REvoSim_log_run_0086.txt": 622.89375,
    "REvoSim_log_run_0125.txt": 594.5250000000001,
    "REvoSim_log_run_0131.txt": 624.1171875,
    "REvoSim_log_run_0119.txt": 569.465625,
    "REvoSim_log_run_0135.txt": 614.6125,
    "REvoSim_log_run_0121.txt": 628.6640625,
    "REvoSim_log_run_0109.txt": 585.73125,
    "REvoSim_log_run_0055.txt": 608.765625,
    "REvoSim_log_run_0068.txt": 617.96875,
    "REvoSim_log_run_0040.txt": 534.0562500000001,
    "REvoSim_log_run_0097.txt": 646.89375,
    "REvoSim_log_run_0083.txt": 613.485,
    "REvoSim_log_run_0095.txt": 609.3675000000001,
    "REvoSim_log_run_0081.txt": 607.4025,
    "REvoSim_log_run_0056.txt": 593.203125,
    "REvoSim_log_run_0042.txt": 597.2296875,
    "REvoSim_log_run_0080.txt": 540.984375,
    "REvoSim_log_run_0137.txt": 567.3,
    "REvoSim_log_run_0123.txt": 600.64375,
    "REvoSim_log_run_0106.txt": 627.5531249999999,
    "REvoSim_log_run_0112.txt": 632.55,
    "REvoSim_log_run_0073.txt": 622.95,
    "REvoSim_log_run_0059.txt": 625.10625,
    "REvoSim_log_run_0104.txt": 620.0250000000001,
    "REvoSim_log_run_0110.txt": 629.25,
    "REvoSim_log_run_0114.txt": 625.10625,
    "REvoSim_log_run_0100.txt": 609.5250000000001,
    "REvoSim_log_run_0048.txt": 596.35,
    "REvoSim_log_run_0077.txt": 616.78125,
    "REvoSim_log_run_0063.txt": 629.4375,
    "REvoSim_log_run_0102.txt": 624.496875,
    "REvoSim_log_run_0039.txt": 643.1125,
    "REvoSim_log_run_0170.txt": 638.875,
    "REvoSim_log_run_0172.txt": 678.346875,
    "REvoSim_log_run_0007.txt": 615.5250000000001,
    "REvoSim_log_run_0173.txt": 585.5875,
    "REvoSim_log_run_0198.txt": 613.6125,
    "REvoSim_log_run_0177.txt": 658.9625,
    "REvoSim_log_run_0029.txt": 633.54375,
    "REvoSim_log_run_0001.txt": 734.04375,
    "REvoSim_log_run_0015.txt": 618.6796875,
    "REvoSim_log_run_0149.txt": 645.7937499999999,
    "REvoSim_log_run_0175.txt": 608.1625,
    "REvoSim_log_run_0161.txt": 663.45625,
    "REvoSim_log_run_0025.txt": 689.6156249999999,
    "REvoSim_log_run_0145.txt": 671.3812499999999,
    "REvoSim_log_run_0192.txt": 619.8,
    "REvoSim_log_run_0186.txt": 601.9593749999999,
    "REvoSim_log_run_0190.txt": 605.6624999999999,
    "REvoSim_log_run_0184.txt": 606.1500000000001,
    "REvoSim_log_run_0027.txt": 633.86875,
    "REvoSim_log_run_0152.txt": 614.9562500000001,
    "REvoSim_log_run_0156.txt": 650.1375,
    "REvoSim_log_run_0037.txt": 629.0718750000001,
    "REvoSim_log_run_0157.txt": 650.465625,
    "REvoSim_log_run_0021.txt": 616.0625,
    "REvoSim_log_run_0009.txt": 599.878125,
    "REvoSim_log_run_0154.txt": 598.56875,
    "REvoSim_log_run_0140.txt": 639.44375,
    "REvoSim_log_run_0090.txt": 650.4125,
    "REvoSim_log_run_0046.txt": 610.8843750000001,
    "REvoSim_log_run_0085.txt": 623.71875,
    "REvoSim_log_run_0132.txt": 610.753125,
    "REvoSim_log_run_0118.txt": 629.525,
    "REvoSim_log_run_0130.txt": 596.9125,
    "REvoSim_log_run_0124.txt": 635.69375,
    "REvoSim_log_run_0050.txt": 611.90625,
    "REvoSim_log_run_0079.txt": 603.6984375,
    "REvoSim_log_run_0092.txt": 638.7562499999999,
    "REvoSim_log_run_0082.txt": 597.159375,
    "REvoSim_log_run_0096.txt": 617.0250000000001,
    "REvoSim_log_run_0041.txt": 622.14375,
    "REvoSim_log_run_0054.txt": 617.1375,
    "REvoSim_log_run_0108.txt": 621.440625,
    "REvoSim_log_run_0120.txt": 623.8499999999999,
    "REvoSim_log_run_0134.txt": 603.8375,
    "REvoSim_log_run_0122.txt": 625.66875,
    "REvoSim_log_run_0136.txt": 639.38125,
    "REvoSim_log_run_0057.txt": 633.5187500000001,
    "REvoSim_log_run_0067.txt": 580.01875,